Nombre;Apellido;DNI;Telefono;Edad
Hugo;Sanchez;74920131;975129478;42
Mateo;Lecca;75116903;961730985;18
Martin;Ramirez;23419940;951742184;41
Lucas;Ortiz;51203189;945712842;56
Leo;Vasquez;42183129;957184232;19
Daniel;Reyes;51803210;965496998;28
Alejandro;Valenzuela;58921090;917289312;20
Manuel;Milan;47280141;945732853;19
Pablo;Perez;74126841;947129437;20
Alvaro;Peralta;36214712;943578349;21
Adrian;Quispe;19342749;989543545;38
Enzo;Manrrique;47821412;973248890;27
Mario;Martinez;58043008;907843299;58
Diego;Abanto;78049219;980532877;36
David;Bambaren;52617391;905237854;40
Oliver;Vivas;56721312;954830094;24
Marcos;Zurita;51267489;954305378;22
Thiago;Aguilar;47128042;918243129;18
Marco;Huayta;51672894;953475398;30
Alex;Choque;12457898;904217889;39
Javier;Palomino;17599048;940217518;49
Izan;Jaimes;98750199;925347991;69
Bruno;Ureta;85792188;912057410;43
Miguel;Paredes;78921190;958139598;29
Antonio;Mamani;84921471;958329853;48
Gonzalo;Prieto;97521897;980210489;49
Liam;Mattos;51824190;934853009;68
Gael;Casas;95721734;953285238;75
Marc;Bautista;48219421;999859430;19
Carlos;Marroqui;85219987;954385308;20
Juan;Merino;57721378;954238953;21
Angel;Garcia;59123948;950423888;49
Dylan;Aliaga;61794219;999539878;34
Nicola;Sulca;51829049;957329423;35
Jose;Castillo;12421870;951238795;25
Sergio;Vega;51784810;941294843;32
Gabriel;Escalante;25285320;919342149;34
Luca;Santos;54385399;958712035;47
Jorge;Vilches;34394328;940218489;20
Dario;Carrillo;24928408;948214901;19
Iker;Guerrero;56326532;915910349;40
Samuel;Henriquez;53286954;912491888;69
Eric;Hernandez;62487590;948219401;48
Adam;Melgar;78518359;947812941;18
Hector;Sola;12414834;942198412;24
Francisco;Andrade;51890905;941238489;56
Rodrigo;Benitez;38954199;941237419;34
Jesus;Hermoza;41925810;979147918;45
Erik;Castro;53985932;912374139;23
Amir;Contreras;51738042;941208419;59
Jaime;Diaz;29838593;942141889;19
Ian;Leon;42193190;908419007;30
Ruben;Diez;41239491;931208487;41
Aaron;Espinoza;54836308;997894712;49
Ivan;Fernandez;75812990;949317409;20
Pau;Flores;51899090;993210779;49
Victor;Gimenez;19294090;904281972;49
Guillermo;Gomez;43810989;930218419;40
Luis;Gonzales;28203940;940218284;50
Mohamed;Godines;32194508;940218578;39
Pedro;Gutierrez;43295004;940218753;30
Julen;Lopez;12400003;904218418;21
Unai;Oblitas;53194108;904127854;42
Rafael;Ruiz;32198321;990418409;24
Santiago;Trujillo;75192309;904219989;59
Saul;Mejia;51834190;904128439;30
Alberto;Mora;43914108;940184329;39
Noah;Morales;51783419;999418012;34
Aitor;Moreno;51824018;904218929;49
Joel;Pereira;68501043;947210894;50
Nil;Pineda;71892501;941280749;40
Jan;Portillo;18250290;947319078;39
Pol;Rivas;41290481;947198923;51
Raul;Rivera;42183410;972841095;43
Matias;Rodriguez;54392539;919571988;48
Marti;Rojo;98518099;931895292;48
Fernando;Rojas;81413200;954823958;38
Andres;Salazar;41824312;965489093;46
Rayan;Correa;57194517;905843953;53
Alonso;Santana;17850180;958435379;19
Ismael;Silva;42180941;965487949;20
Asier;Sosa;54139840;994853988;29
Biel;Soto;56138401;958439012;21
Ander;Torres;84139843;943292390;31
Aleix;Vargas;41280412;958439028;42
Axel;Vera;42108412;958329420;29
Alan;Villalba;85978940;954385309;30
Ignacio;Zambrano;47219421;950340995;19
Fabio;Alva;76829169;950438829;28
Neizan;Suarez;64217469;905342854;21
Jon;Ortega;97584398;965480482;48
Teo;Delgados;43829088;950438499;49
Isaac;Rubio;89432109;950438959;28
Arnau;Marin;48102478;998529038;58
Luka;Sanz;47914219;958439893;38
Max;Iglesias;58713094;958439530;53
Imran;Medina;75849390;953483083;63
Youssef;Cano;84104999;949858390;83
Anas;Lozano;85490380;932587289;18
Elias;Cruz;82308523;953495439;39
Lucia;Gallego;54830853;944398543;18
Sofia;Calvo;54328080;998594389;30
Martina;Vidal;57985430;965849488;45
Maria;Sato;82439589;954739543;64
Julia;Luo;58308529;957439853;41
Paula;Lin;54832908;954739563;54
Valeria;Wong;58439909;957238532;50
Emma;Park;53809098;957439534;18
Daniela;Kim;58430809;914789178;43
Carla;Lee;78529098;975239328;29
Alba;Watanabe;58493099;940329988;20
Noa;Jave;75892309;952347528;24
Alma;Nishikawa;91840904;943189508;32
Sara;Ivanov;54397584;956483989;43
Carmen;Davis;21421900;954839530;21
Rubi;Jonhson;19290009;954380382;40
Lara;Dickson;58139903;954380543;81
Mia;Smith;40124093;932943288;18
Valentina;Miller;53219000;994932908;30
Olivia;Rodrigo;42143498;954823950;54
Claudia;Anderson;94123984;952844803;19
Jimena;Moore;67841289;942358908;30
Lola;Taylor;57198351;954389543;28
Chloe;Jackson;49018442;943929532;39
Aitana;Walker;56843904;958392532;30
Abril;Robinson;12412409;952532599;20
Ana;Frank;32582008;923525389;18
Laia;White;54398900;913453153;49
Triana;Allen;35694389;950438298;41
Candela;King;30584308;952385839;41
Alejandra;Raymond;68594768;999395583;20
Elena;Valdibieso;63793480;953289499;48
Vera;Adams;67435806;953985238;49
Nami;Tanaka;72840385;954389529;56
Adriana;Honda;67843059;958329043;23
Miki;Matsubara;50871209;954385430;51
Marta;Blades;51738951;950438543;61
Carlota;Luna;19234829;928352809;24
Irene;Olivera;54120850;903853903;52
Victoria;Maradona;69548064;905328532;69
Blanca;Ponce;54395390;958439850;48
Marina;Condori;58205209;950428592;19
Laura;Cruces;54308304;940328593;41
Rocio;Romero;59235058;950438643;54
Alicia;Cordova;45392852;904386959;29
Clara;Catro;59438908;943258949;58
Nora;Cartolin;58342592;950438929;29
Lia;Petrov;54023890;903428954;34
Ariadna;Sokolov;53289099;950482359;58
Zoe;Das;59238089;940325894;39
Amira;Devi;52898523;950423899;19
Gala;Kumar;65469045;950429893;20
Celia;Ram;76958909;904328594;21
Leire;Esposito;65498098;940328954;23
Eva;Rossi;58296950;950428954;22
Angela;Serra;65849890;903258994;40
Andrea;Sierra;63489630;950324854;54
Angelica;Martini;68439630;985043089;38
Luna;Vitale;18592385;954038989;49
Ainhoa;Colombo;65843930;904348932;30
Ainara;Ricci;32490088;950438988;28
India;Gallardo;68349899;904328958;49
Nerea;Rizzo;54389053;950438945;31
Ona;Bruno;58920358;947128957;42
Elsa;Conte;58292308;952985239;20
Isabel;Fiore;21098058;932845923;18
Leyre;Marino;39630485;953248523;29
Gabriela;Salinas;65493089;942918421;40
Aina;Chu;52389520;940214100;39
Cayetana;Romano;65840829;908942198;42
Iria;Thomas;50283509;958319089;19
Jana;Martin;10841493;940218923;29
Mar;Bernard;53918509;948324329;81
Cloe;Dubois;52805195;943243098;64
Lina;Petit;13058394;943028954;49
Julieta;Muller;50183989;903243289;54
Adara;Trembley;12048934;904324854;39
Naia;Roy;51085398;959483953;43
Iris;Brown;53408990;904238990;34
Nour;Ramos;22428943;984293938;42
Mara;Acosta;54308643;948329523;54
Helena;Rivero;76549809;954399094;30
Jade;Rios;65480990;948329549;32
Natalia;Lagos;97896248;940328594;57
Arlet;Marrero;86754989;954389982;43
Diana;Madero;23859328;912948390;39
Aroa;Ito;65498930;954389903;19
Amaia;Suzuki;52843959;943285943;43
Cristina;Yamamoto;64923899;954392884;29
Nahia;Fujimori;65384909;990843201;20
Isabella;Bazo;63589345;921419432;32
Malak;Obama;96839048;941349293;32
Elia;Mori;68439634;999859320;19
Carolina;Puentes;58929590;948397545;29
Berta;Lopes;62895201;940128943;43
Fatima;Dorado;15821905;941833908;40
Nuria;Cuevas;52850329;912784932;49
Azahara;Amoros;56843930;902184919;19
Macarena;Luque;59320854;931848089;39
Aurora;Porra;49021878;910248329;43
